{"count":1,"self":17.4995568,"total":18.494225399999998,"children":{"InitializeActuators":{"count":16,"self":0.0010003,"total":0.0010003,"children":null},"InitializeSensors":{"count":16,"self":0.00099899999999999989,"total":0.00099899999999999989,"children":null},"AgentSendState":{"count":690,"self":0.0055471,"total":0.10949479999999999,"children":{"CollectObservations":{"count":2208,"self":0.089213,"total":0.089213,"children":null},"WriteActionMask":{"count":2208,"self":0.0020068,"total":0.0020068,"children":null},"RequestDecision":{"count":2208,"self":0.012727899999999999,"total":0.012727899999999999,"children":null}}},"DecideAction":{"count":690,"self":0.41126999999999997,"total":0.41126999999999997,"children":null},"AgentAct":{"count":690,"self":0.47190459999999995,"total":0.47190459999999995,"children":null}},"gauges":{"Cat.CumulativeReward":{"count":17,"max":265.2057,"min":-120.788452,"runningAverage":99.4796753,"value":183.77211,"weightedAverage":109.316925}},"metadata":{"timer_format_version":"0.1.0","start_time_seconds":"1686473042","unity_version":"2021.3.25f1","command_line_arguments":"C:\\Program Files\\Unity\\Hub\\Editor\\2021.3.25f1\\Editor\\Unity.exe -projectpath C:\\Users\\Owner\\OneDrive - University of California, Davis\\Year 1 Quarter 3\\ECS 279\\CatWalk -useHub -hubIPC -cloudEnvironment production -licensingIpc LicenseClient-Owner -hubSessionId af0cb9ac-6741-4571-b119-3d33c2d13e97","communication_protocol_version":"1.5.0","com.unity.ml-agents_version":"2.0.1","scene_name":"SampleScene","end_time_seconds":"1686473061"}}