{"count":1,"self":240.9266176,"total":681.200331,"children":{"InitializeActuators":{"count":16,"self":0.003,"total":0.003,"children":null},"InitializeSensors":{"count":16,"self":0.0030017999999999998,"total":0.0030017999999999998,"children":null},"AgentSendState":{"count":66817,"self":1.7320532,"total":29.5488958,"children":{"CollectObservations":{"count":213824,"self":19.3631968,"total":19.363197,"children":null},"WriteActionMask":{"count":213824,"self":0.2869678,"total":0.2869678,"children":null},"RequestDecision":{"count":213824,"self":0.9365971,"total":8.1666778,"children":{"AgentInfo.ToProto":{"count":213824,"self":1.0186998999999999,"total":7.2300806999999994,"children":{"GenerateSensorData":{"count":213824,"self":6.2113808,"total":6.2113808,"children":null}}}}}}},"DecideAction":{"count":66817,"self":312.16291839999997,"total":312.1629104,"children":null},"AgentAct":{"count":66817,"self":98.445804799999991,"total":98.4458075,"children":null},"AgentInfo.ToProto":{"count":1527,"self":0.0230258,"total":0.10810349999999999,"children":{"GenerateSensorData":{"count":1527,"self":0.085077699999999992,"total":0.085077699999999992,"children":null}}}},"gauges":{"Cat.CumulativeReward":{"count":1527,"max":6.86091471,"min":-3.16999745,"runningAverage":-0.194449648,"value":-0.149999976,"weightedAverage":-0.166397154}},"metadata":{"timer_format_version":"0.1.0","start_time_seconds":"1686381624","unity_version":"2021.3.25f1","command_line_arguments":"C:\\Program Files\\Unity\\Hub\\Editor\\2021.3.25f1\\Editor\\Unity.exe -projectpath C:\\Users\\PC\\Downloads\\2023_UCDavis_Spring\\ECS279 - Character Animation\\Final Project\\CatWalk -useHub -hubIPC -cloudEnvironment production -licensingIpc LicenseClient-PC -hubSessionId 45ffa4c9-4535-4724-9932-2053052a9641 -accessToken xqXDEy4renWJ0-TeaTDiqiPayvfqXTNdyI47rVAXvf8002f","communication_protocol_version":"1.5.0","com.unity.ml-agents_version":"2.0.1","scene_name":"SampleScene","end_time_seconds":"1686382305"}}