{"count":1,"self":55.9031552,"total":60.1952971,"children":{"InitializeActuators":{"count":16,"self":0.0010002,"total":0.0010002,"children":null},"InitializeSensors":{"count":16,"self":0.0010000999999999999,"total":0.0010000999999999999,"children":null},"AgentSendState":{"count":2677,"self":0.0593936,"total":0.495531,"children":{"CollectObservations":{"count":8576,"self":0.4116222,"total":0.4116222,"children":null},"WriteActionMask":{"count":8576,"self":0.0057684999999999993,"total":0.0057684999999999993,"children":null},"RequestDecision":{"count":8576,"self":0.018746699999999998,"total":0.018746699999999998,"children":null}}},"DecideAction":{"count":2677,"self":1.4146208999999998,"total":1.4146208999999998,"children":null},"AgentAct":{"count":2677,"self":2.3784829999999997,"total":2.3784829999999997,"children":null}},"gauges":{"Cat.CumulativeReward":{"count":20,"max":-401.25354,"min":-2065.27832,"runningAverage":-985.04364,"value":-659.4173,"weightedAverage":-1090.08411}},"metadata":{"timer_format_version":"0.1.0","start_time_seconds":"1686368219","unity_version":"2021.3.25f1","command_line_arguments":"C:\\Program Files\\Unity\\Hub\\Editor\\2021.3.25f1\\Editor\\Unity.exe -projectpath C:\\Users\\Sam\\Desktop\\CatWalk -useHub -hubIPC -cloudEnvironment production -licensingIpc LicenseClient-Sam -hubSessionId 9a047ae2-76bf-445d-aa91-0e31638f6d52 -accessToken ChciFJX0uScJu0546oOMCtg77ieXhX6ehNoaygOWPU4002f","communication_protocol_version":"1.5.0","com.unity.ml-agents_version":"2.0.1","scene_name":"SampleScene","end_time_seconds":"1686368279"}}